Country Name,Indicator Name,2013,2014,2015,2016,2017,2018,Growth 2013-2018 (%)
Africa Eastern and Southern,"Unemployment, total (% of total labor force) (modeled ILO estimate)",6.512784349,6.55564571,6.70714202,6.855589378,6.940364925,6.913046122,6.15
Afghanistan,"Unemployment, total (% of total labor force) (modeled ILO estimate)",7.949,7.91,8.989,10.086,11.18,11.11,39.77
Africa Western and Central,"Unemployment, total (% of total labor force) (modeled ILO estimate)",3.804447466,3.985877994,4.241135882,4.112957928,4.140483974,4.201598674,10.44
Angola,"Unemployment, total (% of total labor force) (modeled ILO estimate)",8.834,9.58,9.584,9.586,9.535,9.522,7.79
Albania,"Unemployment, total (% of total labor force) (modeled ILO estimate)",15.87,18.05,17.19,15.42,13.62,12.3,-22.5
Arab World,"Unemployment, total (% of total labor force) (modeled ILO estimate)",10.73433927,10.85621366,10.96821927,10.76335878,10.91992044,10.58333986,-1.41
United Arab Emirates,"Unemployment, total (% of total labor force) (modeled ILO estimate)",2.032,1.902,1.763,1.64,2.46,2.24,10.24
Argentina,"Unemployment, total (% of total labor force) (modeled ILO estimate)",7.1,7.27,7.524,8.109,8.35,9.22,29.86
Armenia,"Unemployment, total (% of total labor force) (modeled ILO estimate)",11.531,11.862,12.177,12.426,12.944,13.21,14.56
Australia,"Unemployment, total (% of total labor force) (modeled ILO estimate)",5.66,6.08,6.05,5.71,5.59,5.3,-6.36
Austria,"Unemployment, total (% of total labor force) (modeled ILO estimate)",5.34,5.62,5.72,6.01,5.5,4.85,-9.18
Azerbaijan,"Unemployment, total (% of total labor force) (modeled ILO estimate)",4.97,4.91,4.96,5.0,4.96,4.94,-0.6
Burundi,"Unemployment, total (% of total labor force) (modeled ILO estimate)",1.576,1.57,1.477,1.315,1.166,1.017,-35.47
Belgium,"Unemployment, total (% of total labor force) (modeled ILO estimate)",8.43,8.52,8.48,7.83,7.09,5.95,-29.42
Benin,"Unemployment, total (% of total labor force) (modeled ILO estimate)",2.254,2.111,2.023,1.836,1.643,1.47,-34.78
Burkina Faso,"Unemployment, total (% of total labor force) (modeled ILO estimate)",4.052,4.206,4.344,4.44,4.566,4.69,15.75
Bangladesh,"Unemployment, total (% of total labor force) (modeled ILO estimate)",4.43,4.393,4.371,4.35,4.37,4.38,-1.13
Bulgaria,"Unemployment, total (% of total labor force) (modeled ILO estimate)",12.94,11.42,9.14,7.57,6.16,5.21,-59.74
Bahrain,"Unemployment, total (% of total labor force) (modeled ILO estimate)",1.178,1.184,1.197,1.181,1.169,1.185,0.59
"Bahamas, The","Unemployment, total (% of total labor force) (modeled ILO estimate)",16.18,13.8,12.0,12.7,9.8,10.0,-38.2
Bosnia and Herzegovina,"Unemployment, total (% of total labor force) (modeled ILO estimate)",27.49,27.52,27.69,25.41,20.53,18.4,-33.07
Belarus,"Unemployment, total (% of total labor force) (modeled ILO estimate)",6.007,5.996,5.838,5.84,5.65,4.76,-20.76
Belize,"Unemployment, total (% of total labor force) (modeled ILO estimate)",8.35,8.24,7.58,7.0,6.6,7.814,-6.42
Bolivia,"Unemployment, total (% of total labor force) (modeled ILO estimate)",2.44,2.02,3.11,3.5,3.65,3.52,44.26
Brazil,"Unemployment, total (% of total labor force) (modeled ILO estimate)",7.07,6.76,8.56,11.74,12.93,12.46,76.24
Barbados,"Unemployment, total (% of total labor force) (modeled ILO estimate)",11.55,12.17,9.8,8.25,8.62,8.32,-27.97
Brunei Darussalam,"Unemployment, total (% of total labor force) (modeled ILO estimate)",6.77,6.86,7.693,8.432,9.32,8.7,28.51
Bhutan,"Unemployment, total (% of total labor force) (modeled ILO estimate)",2.87,2.63,2.45,2.774,3.056,3.35,16.72
Botswana,"Unemployment, total (% of total labor force) (modeled ILO estimate)",18.538,18.894,19.299,19.315,19.603,19.838,7.01
Central African Republic,"Unemployment, total (% of total labor force) (modeled ILO estimate)",5.452,5.577,5.737,5.746,5.762,5.7,4.55
Canada,"Unemployment, total (% of total labor force) (modeled ILO estimate)",7.07,6.91,6.91,7.0,6.34,5.83,-17.54
Central Europe and the Baltics,"Unemployment, total (% of total labor force) (modeled ILO estimate)",10.04961816,8.953335183,7.820802103,6.490935952,5.29781663,4.316469158,-57.05
Switzerland,"Unemployment, total (% of total labor force) (modeled ILO estimate)",4.75,4.83,4.8,4.92,4.8,4.71,-0.84
Channel Islands,"Unemployment, total (% of total labor force) (modeled ILO estimate)",9.212,8.996,8.596,8.118,7.505,6.932,-24.75
Chile,"Unemployment, total (% of total labor force) (modeled ILO estimate)",6.2,6.65,6.49,6.73,6.95,7.21,16.29
China,"Unemployment, total (% of total labor force) (modeled ILO estimate)",4.6,4.63,4.65,4.56,4.47,4.31,-6.3
Cote d'Ivoire,"Unemployment, total (% of total labor force) (modeled ILO estimate)",4.25,3.475,2.697,1.9,3.27,2.835,-33.29
Cameroon,"Unemployment, total (% of total labor force) (modeled ILO estimate)",3.675,3.53,3.546,3.572,3.598,3.609,-1.8
"Congo, Dem. Rep.","Unemployment, total (% of total labor force) (modeled ILO estimate)",4.468,4.449,4.457,4.479,4.459,4.434,-0.76
"Congo, Rep.","Unemployment, total (% of total labor force) (modeled ILO estimate)",20.34,20.274,20.485,20.648,20.592,20.644,1.49
Colombia,"Unemployment, total (% of total labor force) (modeled ILO estimate)",9.05,8.57,8.3,8.69,8.87,9.11,0.66
Comoros,"Unemployment, total (% of total labor force) (modeled ILO estimate)",7.74,8.14,8.14,8.082,8.056,8.043,3.91
Cabo Verde,"Unemployment, total (% of total labor force) (modeled ILO estimate)",11.357,11.586,11.81,12.002,12.24,12.17,7.16
Costa Rica,"Unemployment, total (% of total labor force) (modeled ILO estimate)",8.22,8.5,8.42,8.09,7.73,9.01,9.61
Caribbean small states,"Unemployment, total (% of total labor force) (modeled ILO estimate)",9.199659218,8.755618171,8.461566103,8.540965999,7.838296757,7.136060129,-22.43
Cuba,"Unemployment, total (% of total labor force) (modeled ILO estimate)",3.29,2.7,2.4,2.0,1.7,1.7,-48.33
Cyprus,"Unemployment, total (% of total labor force) (modeled ILO estimate)",15.87,16.09,14.91,12.95,11.05,8.37,-47.26
Czechia,"Unemployment, total (% of total labor force) (modeled ILO estimate)",6.95,6.11,5.05,3.95,2.89,2.24,-67.77
Germany,"Unemployment, total (% of total labor force) (modeled ILO estimate)",5.23,4.98,4.62,4.12,3.75,3.38,-35.37
Djibouti,"Unemployment, total (% of total labor force) (modeled ILO estimate)",26.714,26.51,26.337,26.197,26.06,26.149,-2.11
Denmark,"Unemployment, total (% of total labor force) (modeled ILO estimate)",7.38,6.93,6.28,5.99,5.83,5.13,-30.49
Dominican Republic,"Unemployment, total (% of total labor force) (modeled ILO estimate)",7.35,6.72,7.61,7.28,5.83,5.86,-20.27
Algeria,"Unemployment, total (% of total labor force) (modeled ILO estimate)",9.82,10.21,11.21,10.2,10.334,10.416,6.07
East Asia & Pacific (excluding high income),"Unemployment, total (% of total labor force) (modeled ILO estimate)",4.048746847,4.044788788,4.120140607,4.036854986,3.916340632,3.810235058,-5.89
Early-demographic dividend,"Unemployment, total (% of total labor force) (modeled ILO estimate)",6.743129982,6.681927847,6.825959833,6.812702131,6.6631231,6.640975439,-1.51
East Asia & Pacific,"Unemployment, total (% of total labor force) (modeled ILO estimate)",4.040423846,4.020122975,4.085861405,3.99788689,3.869336668,3.751713803,-7.15
Europe & Central Asia (excluding high income),"Unemployment, total (% of total labor force) (modeled ILO estimate)",7.175459721,7.403618006,7.532516923,7.555312477,7.342057356,7.028235513,-2.05
Europe & Central Asia,"Unemployment, total (% of total labor force) (modeled ILO estimate)",9.166614407,8.923209575,8.525489137,8.058713962,7.453437542,6.869321285,-25.06
Ecuador,"Unemployment, total (% of total labor force) (modeled ILO estimate)",3.08,3.48,3.62,4.6,3.84,3.53,14.61
"Egypt, Arab Rep.","Unemployment, total (% of total labor force) (modeled ILO estimate)",13.154,13.105,13.052,12.45,11.767,9.855,-25.08
Euro area,"Unemployment, total (% of total labor force) (modeled ILO estimate)",11.90934761,11.58426395,10.82533184,9.996105036,9.033082143,8.156872801,-31.51
Eritrea,"Unemployment, total (% of total labor force) (modeled ILO estimate)",5.63,5.678,5.797,5.807,5.807,5.697,1.19
Spain,"Unemployment, total (% of total labor force) (modeled ILO estimate)",26.09,24.44,22.06,19.64,17.22,15.25,-41.55
Estonia,"Unemployment, total (% of total labor force) (modeled ILO estimate)",8.63,7.35,6.41,6.88,5.81,5.41,-37.31
Ethiopia,"Unemployment, total (% of total labor force) (modeled ILO estimate)",2.25,2.412,2.573,2.735,2.896,3.058,35.91
European Union,"Unemployment, total (% of total labor force) (modeled ILO estimate)",11.31736953,10.83641055,10.01804378,9.104986759,8.123023859,7.253803188,-35.91
Fragile and conflict affected situations,"Unemployment, total (% of total labor force) (modeled ILO estimate)",5.293590716,5.492754575,5.588907317,5.707715718,5.901883742,5.918164892,11.8
Finland,"Unemployment, total (% of total labor force) (modeled ILO estimate)",8.19,8.66,9.38,8.82,8.64,7.36,-10.13
Fiji,"Unemployment, total (% of total labor force) (modeled ILO estimate)",4.318,4.277,4.286,4.32,4.261,4.315,-0.07
France,"Unemployment, total (% of total labor force) (modeled ILO estimate)",9.92,10.29,10.35,10.05,9.41,9.02,-9.07
Gabon,"Unemployment, total (% of total labor force) (modeled ILO estimate)",20.507,20.565,20.601,20.668,20.732,20.747,1.17
United Kingdom,"Unemployment, total (% of total labor force) (modeled ILO estimate)",7.52,6.11,5.3,4.81,4.33,4.0,-46.81
Georgia,"Unemployment, total (% of total labor force) (modeled ILO estimate)",19.42,17.44,16.51,16.6,13.94,12.67,-34.76
Ghana,"Unemployment, total (% of total labor force) (modeled ILO estimate)",2.17,4.495,6.81,5.106,3.37,3.429,58.02
Guinea,"Unemployment, total (% of total labor force) (modeled ILO estimate)",4.883,4.916,4.942,4.833,4.871,4.977,1.93
"Gambia, The","Unemployment, total (% of total labor force) (modeled ILO estimate)",8.592,7.786,6.814,5.959,5.038,4.13,-51.93
Guinea-Bissau,"Unemployment, total (% of total labor force) (modeled ILO estimate)",3.14,3.163,3.142,3.151,3.162,3.2,1.91
Equatorial Guinea,"Unemployment, total (% of total labor force) (modeled ILO estimate)",8.084,8.097,8.205,8.227,8.263,8.2,1.43
Greece,"Unemployment, total (% of total labor force) (modeled ILO estimate)",27.47,26.49,24.9,23.54,21.49,19.29,-29.78
Guatemala,"Unemployment, total (% of total labor force) (modeled ILO estimate)",3.02,2.72,2.51,2.58,2.46,2.28,-24.5
Guam,"Unemployment, total (% of total labor force) (modeled ILO estimate)",11.5,7.6,6.9,5.4,5.43,5.547,-51.77
Guyana,"Unemployment, total (% of total labor force) (modeled ILO estimate)",12.64,12.954,13.252,13.475,13.757,14.02,10.92
High income,"Unemployment, total (% of total labor force) (modeled ILO estimate)",7.818154906,7.215259819,6.629475164,6.15214185,5.593078738,5.081764428,-35.0
"Hong Kong SAR, China","Unemployment, total (% of total labor force) (modeled ILO estimate)",3.4,3.3,3.31,3.39,3.12,2.81,-17.35
Honduras,"Unemployment, total (% of total labor force) (modeled ILO estimate)",5.65,7.08,6.15,6.73,5.53,5.62,-0.53
Heavily indebted poor countries (HIPC),"Unemployment, total (% of total labor force) (modeled ILO estimate)",4.448116944,4.48612177,4.672703149,4.639702189,4.673842069,4.61918565,3.85
Croatia,"Unemployment, total (% of total labor force) (modeled ILO estimate)",17.25,17.29,16.18,13.1,11.21,8.43,-51.13
Haiti,"Unemployment, total (% of total labor force) (modeled ILO estimate)",13.958,13.96,13.888,13.852,13.786,13.755,-1.45
Hungary,"Unemployment, total (% of total labor force) (modeled ILO estimate)",10.18,7.73,6.81,5.11,4.16,3.71,-63.56
IBRD only,"Unemployment, total (% of total labor force) (modeled ILO estimate)",6.188157162,6.172960633,6.294856119,6.398734994,6.320694962,6.181857001,-0.1
IDA & IBRD total,"Unemployment, total (% of total labor force) (modeled ILO estimate)",5.791239071,5.755641133,5.911201555,5.995452036,5.951118581,5.843179529,0.9
IDA total,"Unemployment, total (% of total labor force) (modeled ILO estimate)",4.259111609,4.171070874,4.485015441,4.526199939,4.638699117,4.667223977,9.58
IDA blend,"Unemployment, total (% of total labor force) (modeled ILO estimate)",3.636353541,3.29015439,4.052503648,4.23514961,4.51758273,4.760595183,30.92
Indonesia,"Unemployment, total (% of total labor force) (modeled ILO estimate)",4.34,4.05,4.51,4.3,3.78,4.39,1.15
IDA only,"Unemployment, total (% of total labor force) (modeled ILO estimate)",4.537885147,4.565169533,4.680093951,4.657081421,4.692746866,4.625658665,1.93
India,"Unemployment, total (% of total labor force) (modeled ILO estimate)",8.037,7.981,7.915,7.842,7.733,7.65,-4.82
Ireland,"Unemployment, total (% of total labor force) (modeled ILO estimate)",13.73,11.86,9.91,8.37,6.71,5.74,-58.19
"Iran, Islamic Rep.","Unemployment, total (% of total labor force) (modeled ILO estimate)",10.6,10.68,11.17,12.62,12.23,12.19,15.0
Iraq,"Unemployment, total (% of total labor force) (modeled ILO estimate)",9.263,10.59,10.729,10.82,13.02,14.065,51.84
Iceland,"Unemployment, total (% of total labor force) (modeled ILO estimate)",5.38,4.9,3.98,2.98,2.74,2.7,-49.81
Israel,"Unemployment, total (% of total labor force) (modeled ILO estimate)",6.21,5.89,5.25,4.8,4.22,4.0,-35.59
Italy,"Unemployment, total (% of total labor force) (modeled ILO estimate)",12.15,12.68,11.9,11.69,11.21,10.61,-12.67
Jamaica,"Unemployment, total (% of total labor force) (modeled ILO estimate)",9.7,9.05,8.842,8.63,7.4,5.47,-43.61
Jordan,"Unemployment, total (% of total labor force) (modeled ILO estimate)",12.6,11.9,13.08,15.28,18.12,18.26,44.92
Japan,"Unemployment, total (% of total labor force) (modeled ILO estimate)",4.04,3.59,3.39,3.13,2.82,2.47,-38.86
Kazakhstan,"Unemployment, total (% of total labor force) (modeled ILO estimate)",5.2,5.06,4.93,4.96,4.9,4.85,-6.73
Kenya,"Unemployment, total (% of total labor force) (modeled ILO estimate)",2.831,2.796,2.774,2.76,3.52,4.245,49.95
Kyrgyz Republic,"Unemployment, total (% of total labor force) (modeled ILO estimate)",3.296,3.283,3.378,3.483,3.589,3.67,11.35
Cambodia,"Unemployment, total (% of total labor force) (modeled ILO estimate)",0.44,0.69,0.39,0.72,0.14,0.142,-67.73
"Korea, Rep.","Unemployment, total (% of total labor force) (modeled ILO estimate)",2.75,3.08,3.55,3.65,3.65,3.82,38.91
Kuwait,"Unemployment, total (% of total labor force) (modeled ILO estimate)",2.622,2.9,2.2,2.16,2.198,2.158,-17.7
Latin America & Caribbean (excluding high income),"Unemployment, total (% of total labor force) (modeled ILO estimate)",6.286876781,6.089497213,6.688731266,7.943972151,8.238299054,8.108298861,28.97
Lao PDR,"Unemployment, total (% of total labor force) (modeled ILO estimate)",1.775,2.146,2.521,2.896,3.27,3.266,84.0
Lebanon,"Unemployment, total (% of total labor force) (modeled ILO estimate)",8.28,8.765,9.263,9.723,10.211,10.728,29.57
Liberia,"Unemployment, total (% of total labor force) (modeled ILO estimate)",2.11,2.08,2.577,3.08,3.042,3.025,43.36
Libya,"Unemployment, total (% of total labor force) (modeled ILO estimate)",19.46,19.611,19.521,19.516,19.291,19.446,-0.07
St. Lucia,"Unemployment, total (% of total labor force) (modeled ILO estimate)",22.21,21.303,20.556,19.659,18.86,19.08,-14.09
Latin America & Caribbean,"Unemployment, total (% of total labor force) (modeled ILO estimate)",6.370230112,6.174300667,6.669012916,7.782005303,8.04569833,7.938163723,24.61
Least developed countries: UN classification,"Unemployment, total (% of total labor force) (modeled ILO estimate)",4.65154099,4.652114207,4.730258898,4.7947935,4.879533522,4.791442589,3.01
Low income,"Unemployment, total (% of total labor force) (modeled ILO estimate)",4.720163913,4.757330855,4.898633299,5.004172782,5.103890075,5.107377096,8.2
Sri Lanka,"Unemployment, total (% of total labor force) (modeled ILO estimate)",4.24,4.19,4.52,4.24,4.05,4.32,1.89
Lower middle income,"Unemployment, total (% of total labor force) (modeled ILO estimate)",6.374066732,6.328230606,6.457251473,6.421970581,6.375584012,6.223680579,-2.36
Low & middle income,"Unemployment, total (% of total labor force) (modeled ILO estimate)",5.722255561,5.69688552,5.870712737,5.972898279,5.941092132,5.841800652,2.09
Lesotho,"Unemployment, total (% of total labor force) (modeled ILO estimate)",16.916,16.904,16.852,16.825,16.985,16.918,0.01
Late-demographic dividend,"Unemployment, total (% of total labor force) (modeled ILO estimate)",4.996931912,4.929052744,5.100487335,5.283188361,5.274082107,5.053262132,1.13
Lithuania,"Unemployment, total (% of total labor force) (modeled ILO estimate)",11.77,10.7,9.12,7.86,7.07,6.15,-47.75
Luxembourg,"Unemployment, total (% of total labor force) (modeled ILO estimate)",5.85,5.85,6.67,6.29,5.52,5.59,-4.44
Latvia,"Unemployment, total (% of total labor force) (modeled ILO estimate)",11.87,10.85,9.87,9.64,8.72,7.41,-37.57
"Macao SAR, China","Unemployment, total (% of total labor force) (modeled ILO estimate)",1.82,1.67,1.81,1.94,1.99,1.83,0.55
Morocco,"Unemployment, total (% of total labor force) (modeled ILO estimate)",9.23,9.7,9.46,9.3,9.225,9.239,0.1
Moldova,"Unemployment, total (% of total labor force) (modeled ILO estimate)",5.1,3.73,4.7,4.02,3.89,2.91,-42.94
Madagascar,"Unemployment, total (% of total labor force) (modeled ILO estimate)",0.998,1.391,1.79,1.8,1.815,1.833,83.67
Maldives,"Unemployment, total (% of total labor force) (modeled ILO estimate)",8.393,7.521,6.618,5.77,5.371,4.971,-40.77
Middle East & North Africa,"Unemployment, total (% of total labor force) (modeled ILO estimate)",9.96564542,10.06903578,10.23047502,10.29552,10.32997374,9.999063871,0.34
Mexico,"Unemployment, total (% of total labor force) (modeled ILO estimate)",4.91,4.81,4.31,3.86,3.42,3.27,-33.4
Middle income,"Unemployment, total (% of total labor force) (modeled ILO estimate)",5.807755263,5.778404559,5.956602387,6.060324473,6.01836101,5.911031402,1.78
North Macedonia,"Unemployment, total (% of total labor force) (modeled ILO estimate)",29.14,28.38,26.43,24.3,22.81,21.2,-27.25
Mali,"Unemployment, total (% of total labor force) (modeled ILO estimate)",1.372,1.349,1.361,1.37,1.494,1.62,18.08
Malta,"Unemployment, total (% of total labor force) (modeled ILO estimate)",6.11,5.73,5.38,4.69,4.0,3.66,-40.1
Myanmar,"Unemployment, total (% of total labor force) (modeled ILO estimate)",0.722,0.723,0.77,0.994,1.36,0.77,6.65
Middle East & North Africa (excluding high income),"Unemployment, total (% of total labor force) (modeled ILO estimate)",11.47547458,11.64757415,11.94203531,12.07614244,12.08558957,11.71082566,2.05
Montenegro,"Unemployment, total (% of total labor force) (modeled ILO estimate)",19.59,18.05,17.55,17.73,16.08,15.19,-22.46
Mongolia,"Unemployment, total (% of total labor force) (modeled ILO estimate)",4.23,4.8,4.86,7.24,6.36,5.38,27.19
Mozambique,"Unemployment, total (% of total labor force) (modeled ILO estimate)",3.347,3.384,3.43,3.454,3.453,3.455,3.23
Mauritania,"Unemployment, total (% of total labor force) (modeled ILO estimate)",9.967,10.066,10.152,10.308,10.34,10.391,4.25
Mauritius,"Unemployment, total (% of total labor force) (modeled ILO estimate)",7.32,7.47,7.41,6.81,6.75,6.43,-12.16
Malawi,"Unemployment, total (% of total labor force) (modeled ILO estimate)",4.98,4.968,4.987,4.982,4.96,4.949,-0.62
Malaysia,"Unemployment, total (% of total labor force) (modeled ILO estimate)",3.16,2.88,3.1,3.44,3.41,3.3,4.43
North America,"Unemployment, total (% of total labor force) (modeled ILO estimate)",7.337158542,6.250915823,5.457974015,5.102217148,4.576640376,4.111494166,-43.96
Namibia,"Unemployment, total (% of total labor force) (modeled ILO estimate)",19.03,18.52,20.895,23.35,21.656,19.88,4.47
New Caledonia,"Unemployment, total (% of total labor force) (modeled ILO estimate)",14.466,14.59,13.891,13.182,12.275,11.603,-19.79
Niger,"Unemployment, total (% of total labor force) (modeled ILO estimate)",1.381,0.52,0.532,0.534,0.542,0.542,-60.75
Nigeria,"Unemployment, total (% of total labor force) (modeled ILO estimate)",3.7,3.944,4.221,4.509,4.729,4.963,34.14
Nicaragua,"Unemployment, total (% of total labor force) (modeled ILO estimate)",5.28,4.52,4.7,3.9,3.3,5.2,-1.52
Netherlands,"Unemployment, total (% of total labor force) (modeled ILO estimate)",7.24,7.42,6.87,6.01,4.84,3.83,-47.1
Norway,"Unemployment, total (% of total labor force) (modeled ILO estimate)",3.42,3.48,4.3,4.68,4.16,3.8,11.11
Nepal,"Unemployment, total (% of total labor force) (modeled ILO estimate)",10.502,10.576,10.512,10.403,10.66,10.623,1.15
New Zealand,"Unemployment, total (% of total labor force) (modeled ILO estimate)",5.84,5.43,5.41,5.15,4.74,4.33,-25.86
OECD members,"Unemployment, total (% of total labor force) (modeled ILO estimate)",7.918661133,7.397375455,6.842045685,6.429916885,5.900582729,5.464238452,-31.0
Oman,"Unemployment, total (% of total labor force) (modeled ILO estimate)",3.602,3.55,3.384,3.27,2.573,1.8,-50.03
Other small states,"Unemployment, total (% of total labor force) (modeled ILO estimate)",10.46447311,10.18246422,10.02907696,9.922418253,9.542878712,9.164065805,-12.43
Pakistan,"Unemployment, total (% of total labor force) (modeled ILO estimate)",2.95,1.83,3.57,3.756,3.913,4.08,38.31
Panama,"Unemployment, total (% of total labor force) (modeled ILO estimate)",3.703,4.419,4.368,4.759,5.392,5.218,40.91
Peru,"Unemployment, total (% of total labor force) (modeled ILO estimate)",3.57,3.21,3.27,3.74,3.69,3.49,-2.24
Philippines,"Unemployment, total (% of total labor force) (modeled ILO estimate)",3.5,3.6,3.07,2.7,2.55,2.34,-33.14
Papua New Guinea,"Unemployment, total (% of total labor force) (modeled ILO estimate)",2.533,2.34,2.449,2.455,2.478,2.538,0.2
Poland,"Unemployment, total (% of total labor force) (modeled ILO estimate)",10.33,8.99,7.5,6.16,4.89,3.85,-62.73
Pre-demographic dividend,"Unemployment, total (% of total labor force) (modeled ILO estimate)",4.832450869,4.864098513,4.965188606,5.026675189,5.268527694,5.305211509,9.78
Puerto Rico,"Unemployment, total (% of total labor force) (modeled ILO estimate)",14.3,13.9,12.0,11.8,10.8,9.2,-35.66
"Korea, Dem. People's Rep.","Unemployment, total (% of total labor force) (modeled ILO estimate)",2.917,2.868,2.897,2.92,2.86,2.808,-3.74
Portugal,"Unemployment, total (% of total labor force) (modeled ILO estimate)",16.19,13.9,12.45,11.07,8.87,6.99,-56.83
Paraguay,"Unemployment, total (% of total labor force) (modeled ILO estimate)",4.38,5.03,4.56,5.25,4.61,6.22,42.01
West Bank and Gaza,"Unemployment, total (% of total labor force) (modeled ILO estimate)",19.89,20.53,23.0,23.94,25.68,26.26,32.03
Pacific island small states,"Unemployment, total (% of total labor force) (modeled ILO estimate)",3.046560727,3.011525699,3.005226328,2.968486723,2.974238029,3.005583728,-1.35
Post-demographic dividend,"Unemployment, total (% of total labor force) (modeled ILO estimate)",7.96175901,7.438146085,6.866095462,6.403424161,5.835598979,5.290255852,-33.55
French Polynesia,"Unemployment, total (% of total labor force) (modeled ILO estimate)",12.117,12.14,12.087,12.085,11.975,12.081,-0.3
Qatar,"Unemployment, total (% of total labor force) (modeled ILO estimate)",0.28,0.2,0.17,0.15,0.14,0.11,-60.71
Romania,"Unemployment, total (% of total labor force) (modeled ILO estimate)",7.1,6.8,6.81,5.9,4.93,4.19,-40.99
Russian Federation,"Unemployment, total (% of total labor force) (modeled ILO estimate)",5.46,5.16,5.57,5.56,5.21,4.85,-11.17
Rwanda,"Unemployment, total (% of total labor force) (modeled ILO estimate)",11.906,11.876,11.828,11.86,11.88,12.1,1.63
South Asia,"Unemployment, total (% of total labor force) (modeled ILO estimate)",7.137701737,6.967700153,7.096895992,7.063445936,6.998482765,6.950700159,-2.62
Saudi Arabia,"Unemployment, total (% of total labor force) (modeled ILO estimate)",5.6,5.72,5.6,5.6,5.89,6.03,7.68
Sudan,"Unemployment, total (% of total labor force) (modeled ILO estimate)",17.405,17.385,17.444,17.441,17.501,17.572,0.96
Senegal,"Unemployment, total (% of total labor force) (modeled ILO estimate)",8.589,7.625,6.76,4.46,4.08,3.57,-58.44
Singapore,"Unemployment, total (% of total labor force) (modeled ILO estimate)",3.86,3.74,3.79,4.08,4.2,3.641,-5.67
Solomon Islands,"Unemployment, total (% of total labor force) (modeled ILO estimate)",0.69,0.734,0.733,0.691,0.698,0.714,3.48
Sierra Leone,"Unemployment, total (% of total labor force) (modeled ILO estimate)",4.469,4.68,4.437,3.927,3.561,3.19,-28.62
El Salvador,"Unemployment, total (% of total labor force) (modeled ILO estimate)",3.69,4.15,4.0,4.42,4.39,4.01,8.67
Somalia,"Unemployment, total (% of total labor force) (modeled ILO estimate)",19.066,19.01,18.877,18.931,18.975,18.87,-1.03
Serbia,"Unemployment, total (% of total labor force) (modeled ILO estimate)",22.15,19.22,17.66,15.26,13.48,12.73,-42.53
Sub-Saharan Africa (excluding high income),"Unemployment, total (% of total labor force) (modeled ILO estimate)",5.520004664,5.614791817,5.805729466,5.850597219,5.914793048,5.915200842,7.16
South Sudan,"Unemployment, total (% of total labor force) (modeled ILO estimate)",12.036,12.139,12.29,12.326,12.26,12.229,1.6
Sub-Saharan Africa,"Unemployment, total (% of total labor force) (modeled ILO estimate)",5.520004664,5.614791817,5.805729466,5.850597219,5.914793048,5.915200842,7.16
Small states,"Unemployment, total (% of total labor force) (modeled ILO estimate)",9.797907716,9.50863285,9.344714144,9.289102933,8.874257611,8.459081881,-13.66
Sao Tome and Principe,"Unemployment, total (% of total labor force) (modeled ILO estimate)",13.617,13.64,13.78,13.839,13.911,13.998,2.8
Suriname,"Unemployment, total (% of total labor force) (modeled ILO estimate)",6.6,6.94,7.22,7.92,7.91,7.932,20.18
Slovak Republic,"Unemployment, total (% of total labor force) (modeled ILO estimate)",14.22,13.18,11.48,9.67,8.13,6.54,-54.01
Slovenia,"Unemployment, total (% of total labor force) (modeled ILO estimate)",10.1,9.67,8.96,8.0,6.56,5.11,-49.41
Sweden,"Unemployment, total (% of total labor force) (modeled ILO estimate)",8.05,7.95,7.43,6.99,6.72,6.36,-20.99
Eswatini,"Unemployment, total (% of total labor force) (modeled ILO estimate)",24.524,23.973,23.317,22.72,22.731,22.756,-7.21
Syrian Arab Republic,"Unemployment, total (% of total labor force) (modeled ILO estimate)",8.863,8.744,8.721,8.765,8.747,8.746,-1.32
Chad,"Unemployment, total (% of total labor force) (modeled ILO estimate)",1.027,1.042,1.072,1.118,1.127,1.13,10.03
East Asia & Pacific (IDA & IBRD countries),"Unemployment, total (% of total labor force) (modeled ILO estimate)",4.064152592,4.060863859,4.136944998,4.052255128,3.931049431,3.824279814,-5.9
Europe & Central Asia (IDA & IBRD countries),"Unemployment, total (% of total labor force) (modeled ILO estimate)",7.539570051,7.606511069,7.576477462,7.41216325,7.059054838,6.644558716,-11.87
Togo,"Unemployment, total (% of total labor force) (modeled ILO estimate)",2.09,2.145,2.2,2.965,3.74,3.723,78.13
Thailand,"Unemployment, total (% of total labor force) (modeled ILO estimate)",0.25,0.58,0.6,0.69,0.83,0.77,208.0
Tajikistan,"Unemployment, total (% of total labor force) (modeled ILO estimate)",8.904,8.227,7.552,6.9,6.949,7.001,-21.37
Turkmenistan,"Unemployment, total (% of total labor force) (modeled ILO estimate)",4.096,4.126,4.114,4.14,4.171,4.196,2.44
Latin America & the Caribbean (IDA & IBRD countries),"Unemployment, total (% of total labor force) (modeled ILO estimate)",6.382997494,6.196999951,6.719821791,7.867362204,8.147702389,8.042457289,26.0
Timor-Leste,"Unemployment, total (% of total labor force) (modeled ILO estimate)",4.014,4.213,4.451,4.66,4.749,4.718,17.54
Middle East & North Africa (IDA & IBRD countries),"Unemployment, total (% of total labor force) (modeled ILO estimate)",11.39801459,11.56341773,11.83175768,11.95777065,11.94734939,11.56204705,1.44
Tonga,"Unemployment, total (% of total labor force) (modeled ILO estimate)",1.768,1.826,1.941,1.904,2.074,2.25,27.26
South Asia (IDA & IBRD),"Unemployment, total (% of total labor force) (modeled ILO estimate)",7.137701737,6.967700153,7.096895992,7.063445936,6.998482765,6.950700159,-2.62
Sub-Saharan Africa (IDA & IBRD countries),"Unemployment, total (% of total labor force) (modeled ILO estimate)",5.520004664,5.614791817,5.805729466,5.850597219,5.914793048,5.915200842,7.16
Trinidad and Tobago,"Unemployment, total (% of total labor force) (modeled ILO estimate)",2.68,2.48,2.43,3.21,3.309,3.405,27.05
Tunisia,"Unemployment, total (% of total labor force) (modeled ILO estimate)",15.93,14.26,15.16,15.56,15.33,15.46,-2.95
Turkiye,"Unemployment, total (% of total labor force) (modeled ILO estimate)",8.73,9.88,10.24,10.84,10.82,10.89,24.74
Tanzania,"Unemployment, total (% of total labor force) (modeled ILO estimate)",2.93,2.12,2.144,2.151,2.168,2.203,-24.81
Uganda,"Unemployment, total (% of total labor force) (modeled ILO estimate)",1.91,2.323,2.749,3.183,3.64,3.571,86.96
Ukraine,"Unemployment, total (% of total labor force) (modeled ILO estimate)",7.17,9.27,9.14,9.35,9.5,8.8,22.73
Upper middle income,"Unemployment, total (% of total labor force) (modeled ILO estimate)",5.374315645,5.355708614,5.569862715,5.779233453,5.739183886,5.665669682,5.42
Uruguay,"Unemployment, total (% of total labor force) (modeled ILO estimate)",6.44,6.55,7.49,7.84,7.89,8.34,29.5
United States,"Unemployment, total (% of total labor force) (modeled ILO estimate)",7.37,6.17,5.28,4.87,4.36,3.9,-47.08
Uzbekistan,"Unemployment, total (% of total labor force) (modeled ILO estimate)",4.86,5.09,5.15,5.16,5.83,5.856,20.49
St. Vincent and the Grenadines,"Unemployment, total (% of total labor force) (modeled ILO estimate)",18.905,18.948,18.969,18.978,19.028,19.02,0.61
"Venezuela, RB","Unemployment, total (% of total labor force) (modeled ILO estimate)",7.54,6.865,6.077,5.32,5.05,5.02,-33.42
Virgin Islands (U.S.),"Unemployment, total (% of total labor force) (modeled ILO estimate)",12.402,12.475,12.258,12.354,12.053,12.245,-1.27
Vietnam,"Unemployment, total (% of total labor force) (modeled ILO estimate)",1.32,1.26,1.85,1.85,1.87,1.16,-12.12
Vanuatu,"Unemployment, total (% of total labor force) (modeled ILO estimate)",1.859,1.792,1.855,1.749,1.71,1.784,-4.03
World,"Unemployment, total (% of total labor force) (modeled ILO estimate)",6.116252925,5.981353296,6.010887722,6.003204824,5.873643767,5.699075945,-6.82
Samoa,"Unemployment, total (% of total labor force) (modeled ILO estimate)",8.661,8.72,8.763,8.819,9.4,9.472,9.36
"Yemen, Rep.","Unemployment, total (% of total labor force) (modeled ILO estimate)",13.264,13.47,13.783,13.407,13.25,13.076,-1.42
South Africa,"Unemployment, total (% of total labor force) (modeled ILO estimate)",22.04,22.61,22.87,24.02,23.99,24.22,9.89
Zambia,"Unemployment, total (% of total labor force) (modeled ILO estimate)",8.005,8.133,8.28,8.393,8.52,5.03,-37.16
Zimbabwe,"Unemployment, total (% of total labor force) (modeled ILO estimate)",4.994,4.77,5.282,5.796,6.279,6.784,35.84
